Item,Prijs (EUR),Link,Prijs (USD)
keycaps green,€2.45,https://l1nk.dev/9ejw5r6,$2.86
Rotary Encoder,€1.46,https://nl.aliexpress.com/item/1005009040530746.html?spm=a2g0o.detail.pcDetailTopMoreOtherSeller.1.1db4558e43bH4y,$1.71
128x32 screen,€2.02,https://a.aliexpress.com/_EJ4NFM8,$2.36
switches 20pc,€3.18,https://nl.aliexpress.com/item/1005011838889689.html?spm=a2g0o.cart.0.0.76a761d7tJaQGl,$3.71
Seed RP2040,€10.94,https://a.aliexpress.com/_EQkfTBi,$12.78
screws,€3.93,https://nl.aliexpress.com/item/1005008724193768.html?spm=a2g0o.detail.0.0.714c9XIc9XIcI3,$4.59
PCB,€3.65,,$4.26
filament,Free (I pay),,Free
Total AliExpress,€23.98,,$28.01
Total compleet,€27.63,,$32.27
